{"cameraMode":{"drawMode":0,"name":"Shaded","section":"Shading Mode"},"sceneLighting":false,"audioPlay":false,"sceneViewState":{"showFog":true,"showMaterialUpdate":false,"showSkybox":false,"showFlares":true,"showImageEffects":true,"showParticleSystems":true},"in2DMode":false,"pivot":{"x":0.27638745307922366,"y":-0.0033545680344104769,"z":-0.00008361972868442535},"rotation":{"x":0.17769855260849,"y":0.7879675030708313,"z":-0.26627635955810549,"w":0.526238739490509},"size":0.18364544212818147,"orthographic":false}