{"cameraMode":{"drawMode":0,"name":"Shaded","section":"Shading Mode"},"sceneLighting":false,"audioPlay":false,"sceneViewState":{"showFog":true,"showMaterialUpdate":false,"showSkybox":false,"showFlares":true,"showImageEffects":true,"showParticleSystems":true},"in2DMode":false,"pivot":{"x":-0.056471727788448337,"y":0.25742727518081667,"z":0.05532458424568176},"rotation":{"x":-0.186617910861969,"y":0.03495001420378685,"z":-0.0066513000056147579,"w":-0.9819409847259522},"size":1.9063173532485963,"orthographic":false}