{"cameraMode":{"drawMode":0,"name":"Shaded","section":"Shading Mode"},"sceneLighting":false,"audioPlay":false,"sceneViewState":{"showFog":true,"showMaterialUpdate":false,"showSkybox":false,"showFlares":true,"showImageEffects":true,"showParticleSystems":true},"in2DMode":false,"pivot":{"x":0.033369217067956927,"y":0.3585655689239502,"z":-0.01334749162197113},"rotation":{"x":-0.17886751890182496,"y":0.7783229947090149,"z":-0.2551290988922119,"w":-0.5453677177429199},"size":1.4695441722869874,"orthographic":false}