{"cameraMode":{"drawMode":0,"name":"Shaded","section":"Shading Mode"},"sceneLighting":false,"audioPlay":false,"sceneViewState":{"showFog":true,"showMaterialUpdate":false,"showSkybox":false,"showFlares":true,"showImageEffects":true,"showParticleSystems":true},"in2DMode":false,"pivot":{"x":-0.0239887535572052,"y":0.28283074498176577,"z":0.11797952651977539},"rotation":{"x":-0.2711634933948517,"y":0.47453024983406069,"z":-0.15634897351264954,"w":-0.8228868842124939},"size":1.635522484779358,"orthographic":false}