{"cameraMode":{"drawMode":0,"name":"Shaded","section":"Shading Mode"},"sceneLighting":false,"audioPlay":false,"sceneViewState":{"showFog":true,"showMaterialUpdate":false,"showSkybox":false,"showFlares":true,"showImageEffects":true,"showParticleSystems":true},"in2DMode":false,"pivot":{"x":-0.0239887535572052,"y":0.2771398723125458,"z":0.11797952651977539},"rotation":{"x":-0.009513894096016884,"y":0.9861387014389038,"z":-0.15540765225887299,"w":-0.05994050204753876},"size":1.6248888969421387,"orthographic":false}