{"cameraMode":{"drawMode":0,"name":"Shaded","section":"Shading Mode"},"sceneLighting":false,"audioPlay":false,"sceneViewState":{"showFog":true,"showMaterialUpdate":false,"showSkybox":false,"showFlares":true,"showImageEffects":true,"showParticleSystems":true},"in2DMode":false,"pivot":{"x":8.940696716308594e-8,"y":0.13420045375823975,"z":-1.4901161193847657e-8},"rotation":{"x":-0.07117534428834915,"y":0.9260128736495972,"z":-0.2989480197429657,"w":-0.21991361677646638},"size":0.8344988226890564,"orthographic":false}