{"cameraMode":{"drawMode":0,"name":"Shaded","section":"Shading Mode"},"sceneLighting":false,"audioPlay":false,"sceneViewState":{"showFog":true,"showMaterialUpdate":false,"showSkybox":false,"showFlares":true,"showImageEffects":true,"showParticleSystems":true},"in2DMode":false,"pivot":{"x":0.07770321518182755,"y":0.008852871134877205,"z":-0.00004969164729118347},"rotation":{"x":0.17769855260849,"y":0.7879675030708313,"z":-0.26627635955810549,"w":0.526238739490509},"size":0.25050216913223269,"orthographic":false}