{"cameraMode":{"drawMode":0,"name":"Shaded","section":"Shading Mode"},"sceneLighting":false,"audioPlay":false,"sceneViewState":{"showFog":true,"showMaterialUpdate":false,"showSkybox":false,"showFlares":true,"showImageEffects":true,"showParticleSystems":true},"in2DMode":false,"pivot":{"x":3.92788028717041,"y":0.18883518874645234,"z":1.7158695459365845},"rotation":{"x":-0.10771600902080536,"y":0.08748244494199753,"z":-0.009257238358259201,"w":-0.990401029586792},"size":15.643065452575684,"orthographic":false}