{"cameraMode":{"drawMode":0,"name":"Shaded","section":"Shading Mode"},"sceneLighting":false,"audioPlay":false,"sceneViewState":{"showFog":true,"showMaterialUpdate":false,"showSkybox":false,"showFlares":true,"showImageEffects":true,"showParticleSystems":true},"in2DMode":false,"pivot":{"x":-0.06883013248443604,"y":0.31663277745246889,"z":0.0},"rotation":{"x":-0.012911569327116013,"y":0.8273807168006897,"z":-0.01880676858127117,"w":-0.5614455342292786},"size":2.559056043624878,"orthographic":false}