{"cameraMode":{"drawMode":0,"name":"Shaded","section":"Shading Mode"},"sceneLighting":false,"audioPlay":false,"sceneViewState":{"showFog":true,"showMaterialUpdate":false,"showSkybox":false,"showFlares":true,"showImageEffects":true,"showParticleSystems":true},"in2DMode":false,"pivot":{"x":0.0012040436267852784,"y":0.163953959941864,"z":0.1003970131278038},"rotation":{"x":-0.059290818870067599,"y":0.9337039589881897,"z":-0.3029845952987671,"w":-0.18215146660804749},"size":0.6605047583580017,"orthographic":false}