{"cameraMode":{"drawMode":0,"name":"Shaded","section":"Shading Mode"},"sceneLighting":false,"audioPlay":false,"sceneViewState":{"showFog":true,"showMaterialUpdate":false,"showSkybox":false,"showFlares":true,"showImageEffects":true,"showParticleSystems":true},"in2DMode":false,"pivot":{"x":0.01382426917552948,"y":0.1587890386581421,"z":0.005408577620983124},"rotation":{"x":-0.059290818870067599,"y":0.9337039589881897,"z":-0.3029845952987671,"w":-0.18215146660804749},"size":0.7002941370010376,"orthographic":false}