{"cameraMode":{"drawMode":0,"name":"Shaded","section":"Shading Mode"},"sceneLighting":false,"audioPlay":false,"sceneViewState":{"showFog":true,"showMaterialUpdate":false,"showSkybox":false,"showFlares":true,"showImageEffects":true,"showParticleSystems":true},"in2DMode":false,"pivot":{"x":-0.0026634037494659425,"y":0.0012631341814994813,"z":-0.08237573504447937},"rotation":{"x":0.48843634128570559,"y":0.10983165353536606,"z":-0.06237666308879852,"w":0.8634881973266602},"size":0.5033155083656311,"orthographic":false}