{"cameraMode":{"drawMode":0,"name":"Shaded","section":"Shading Mode"},"sceneLighting":false,"audioPlay":false,"sceneViewState":{"showFog":true,"showMaterialUpdate":false,"showSkybox":false,"showFlares":true,"showImageEffects":true,"showParticleSystems":true},"in2DMode":false,"pivot":{"x":0.062265679240226749,"y":0.39246249198913576,"z":0.0},"rotation":{"x":0.020691292360424997,"y":-0.003435744671151042,"z":0.0003534663119353354,"w":-0.9999080896377564},"size":1.2622815370559693,"orthographic":false}