{"cameraMode":{"drawMode":0,"name":"Shaded","section":"Shading Mode"},"sceneLighting":false,"audioPlay":false,"sceneViewState":{"showFog":true,"showMaterialUpdate":false,"showSkybox":false,"showFlares":true,"showImageEffects":true,"showParticleSystems":true},"in2DMode":false,"pivot":{"x":-0.002307906746864319,"y":0.1558363437652588,"z":0.22738316655158997},"rotation":{"x":-0.059290818870067599,"y":0.9337039589881897,"z":-0.3029845952987671,"w":-0.18215146660804749},"size":0.9352740049362183,"orthographic":false}