{"cameraMode":{"drawMode":0,"name":"Shaded","section":"Shading Mode"},"sceneLighting":false,"audioPlay":false,"sceneViewState":{"showFog":true,"showMaterialUpdate":false,"showSkybox":false,"showFlares":true,"showImageEffects":true,"showParticleSystems":true},"in2DMode":false,"pivot":{"x":0.025844309478998185,"y":0.3398643136024475,"z":-0.0032702162861824037},"rotation":{"x":-0.12868930399417878,"y":0.8272043466567993,"z":-0.21056093275547028,"w":-0.5051085948944092},"size":1.3587477207183838,"orthographic":false}