{"cameraMode":{"drawMode":0,"name":"Shaded","section":"Shading Mode"},"sceneLighting":false,"audioPlay":false,"sceneViewState":{"showFog":true,"showMaterialUpdate":false,"showSkybox":false,"showFlares":true,"showImageEffects":true,"showParticleSystems":true},"in2DMode":false,"pivot":{"x":-0.002472088672220707,"y":0.00419999985024333,"z":0.07612445950508118},"rotation":{"x":0.002120804740116,"y":0.9959018230438232,"z":-0.08868181705474854,"w":0.024691948667168618},"size":0.017917506396770479,"orthographic":false}