{"cameraMode":{"drawMode":0,"name":"Shaded","section":"Shading Mode"},"sceneLighting":false,"audioPlay":false,"sceneViewState":{"showFog":true,"showMaterialUpdate":false,"showSkybox":false,"showFlares":true,"showImageEffects":true,"showParticleSystems":true},"in2DMode":false,"pivot":{"x":0.38668325543403628,"y":0.629250705242157,"z":0.4181216061115265},"rotation":{"x":-0.24584084749221803,"y":-0.1321386694908142,"z":0.034300822764635089,"w":-0.9597837328910828},"size":1.4725525379180909,"orthographic":false}