{"cameraMode":{"drawMode":0,"name":"Shaded","section":"Shading Mode"},"sceneLighting":false,"audioPlay":false,"sceneViewState":{"showFog":true,"showMaterialUpdate":false,"showSkybox":false,"showFlares":true,"showImageEffects":true,"showParticleSystems":true},"in2DMode":false,"pivot":{"x":-0.07281477749347687,"y":-0.02136305347084999,"z":-0.17502082884311677},"rotation":{"x":-0.059290818870067599,"y":0.9337039589881897,"z":-0.3029845952987671,"w":-0.18215146660804749},"size":0.9963468909263611,"orthographic":false}