{"cameraMode":{"drawMode":0,"name":"Shaded","section":"Shading Mode"},"sceneLighting":false,"audioPlay":false,"sceneViewState":{"showFog":true,"showMaterialUpdate":false,"showSkybox":false,"showFlares":true,"showImageEffects":true,"showParticleSystems":true},"in2DMode":false,"pivot":{"x":0.033369217067956927,"y":0.3585655689239502,"z":-0.0032702162861824037},"rotation":{"x":0.011850603856146336,"y":0.7373010516166687,"z":0.013136043213307858,"w":-0.6755519509315491},"size":1.4184086322784424,"orthographic":false}