{"cameraMode":{"drawMode":0,"name":"Shaded","section":"Shading Mode"},"sceneLighting":false,"audioPlay":false,"sceneViewState":{"showFog":true,"showMaterialUpdate":false,"showSkybox":false,"showFlares":true,"showImageEffects":true,"showParticleSystems":true},"in2DMode":false,"pivot":{"x":0.10935410112142563,"y":0.6339563131332398,"z":0.0505061149597168},"rotation":{"x":-0.11853992193937302,"y":-0.0078258216381073,"z":0.0013337195850908757,"w":-0.9930464029312134},"size":1.280144214630127,"orthographic":false}