{"cameraMode":{"drawMode":0,"name":"Shaded","section":"Shading Mode"},"sceneLighting":false,"audioPlay":false,"sceneViewState":{"showFog":true,"showMaterialUpdate":false,"showSkybox":false,"showFlares":true,"showImageEffects":true,"showParticleSystems":true},"in2DMode":false,"pivot":{"x":-0.0000647539272904396,"y":0.006577048916369677,"z":0.03644175827503204},"rotation":{"x":0.002120804740116,"y":0.9959018230438232,"z":-0.08868181705474854,"w":0.024691948667168618},"size":0.04287493973970413,"orthographic":false}